<?xml version="1.0" encoding="UTF-8"?>
<project-private xmlns="http://www.netbeans.org/ns/project-private/1">
    <editor-bookmarks xmlns="http://www.netbeans.org/ns/editor-bookmarks/2" lastBookmarkId="0"/>
    <open-files xmlns="http://www.netbeans.org/ns/projectui-open-files/2">
        <group>
            <file>file:/E:/Micro2/Trab04.X/ADC.c</file>
            <file>file:/E:/Micro2/Trab04.X/Interrupt.c</file>
            <file>file:/E:/Micro2/Trab04.X/IO.c</file>
            <file>file:/E:/Micro2/Trab04.X/main.c</file>
        </group>
    </open-files>
</project-private>
